project,repo_url,bug_commit_hash,bug_file_path,fix_commit_hash,method_name,method_signature,loc,cyclomatic_complexity,halstead_volume,maintainability_index
traccar-traccar,https://github.com/traccar/traccar.git,2ed386ecd1fa6b51cf3115fe6fe4626ebfceea31,src/main/java/org/traccar/protocol/Gt06ProtocolDecoder.java,046076aeb6f0c79bb59ef9aead4ebbc23e286c63,decodeBasic,"private ReferenceType(arguments=None, dimensions=[], name=Object, sub_type=None) decodeBasic(ReferenceType(arguments=None, dimensions=[], name=Channel, sub_type=None) channel, ReferenceType(arguments=None, dimensions=[], name=SocketAddress, sub_type=None) remoteAddress, ReferenceType(arguments=None, dimensions=[], name=ByteBuf, sub_type=None) buf)",416,101,14548.26,22.4
traccar-traccar,https://github.com/traccar/traccar.git,85501f9cf4918d5eee345f83aed7a31eecb26b8d,src/main/java/org/traccar/protocol/Gt06ProtocolDecoder.java,9ff9bd75fff98cc46395bfa870ba0c1f7ab34d87,hasStatus,"static private BasicType(dimensions=[], name=boolean) hasStatus(BasicType(dimensions=[], name=int) type)",14,2,77.71,105.45
traccar-traccar,https://github.com/traccar/traccar.git,0ec73ae585b66a455f7e43ef6d60f41cde6cf960,src/main/java/org/traccar/protocol/WatchProtocolDecoder.java,b77131f4be38295cb643e343613597a6d1ec6562,decode,"protected ReferenceType(arguments=None, dimensions=[], name=Object, sub_type=None) decode(ReferenceType(arguments=None, dimensions=[], name=Channel, sub_type=None) channel, ReferenceType(arguments=None, dimensions=[], name=SocketAddress, sub_type=None) remoteAddress, ReferenceType(arguments=None, dimensions=[], name=Object, sub_type=None) msg)",127,35,3667.0,49.03
traccar-traccar,https://github.com/traccar/traccar.git,b77131f4be38295cb643e343613597a6d1ec6562,src/main/java/org/traccar/protocol/GalileoProtocolDecoder.java,4722f9b6b6489ea7e9dea0c01ae1d7d3044310b5,decodeIridiumPosition,"private ReferenceType(arguments=None, dimensions=[], name=Position, sub_type=None) decodeIridiumPosition(ReferenceType(arguments=None, dimensions=[], name=Channel, sub_type=None) channel, ReferenceType(arguments=None, dimensions=[], name=SocketAddress, sub_type=None) remoteAddress, ReferenceType(arguments=None, dimensions=[], name=ByteBuf, sub_type=None) buf)",19,2,277.43,93.89
traccar-traccar,https://github.com/traccar/traccar.git,4722f9b6b6489ea7e9dea0c01ae1d7d3044310b5,src/main/java/org/traccar/protocol/WatchProtocolDecoder.java,3771dd156efb068b2f6ba586ec5b951985c40cc5,decodePosition,"private ReferenceType(arguments=None, dimensions=[], name=Position, sub_type=None) decodePosition(ReferenceType(arguments=None, dimensions=[], name=DeviceSession, sub_type=None) deviceSession, ReferenceType(arguments=None, dimensions=[], name=String, sub_type=None) data)",58,16,1895.62,65.34
traccar-traccar,https://github.com/traccar/traccar.git,3ba077b0002481bf262a59ff2ad266b04a07c589,src/main/java/org/traccar/protocol/TramigoFrameDecoder.java,514582dd83c4520948c03eb3fc84444e0d7f5a49,decode,"protected ReferenceType(arguments=None, dimensions=[], name=Object, sub_type=None) decode(ReferenceType(arguments=None, dimensions=[], name=ChannelHandlerContext, sub_type=None) ctx, ReferenceType(arguments=None, dimensions=[], name=Channel, sub_type=None) channel, ReferenceType(arguments=None, dimensions=[], name=ByteBuf, sub_type=None) buf)",15,4,197.15,99.33
traccar-traccar,https://github.com/traccar/traccar.git,02d073d6900c401f83493380df3093d72f4d5cf2,src/main/java/org/traccar/protocol/MeitrackProtocolDecoder.java,33af2928a581eba6a1ba580b5da051612c7b7860,decode,"protected ReferenceType(arguments=None, dimensions=[], name=Object, sub_type=None) decode(ReferenceType(arguments=None, dimensions=[], name=Channel, sub_type=None) channel, ReferenceType(arguments=None, dimensions=[], name=SocketAddress, sub_type=None) remoteAddress, ReferenceType(arguments=None, dimensions=[], name=Object, sub_type=None) msg)",56,6,1638.98,66.89
traccar-traccar,https://github.com/traccar/traccar.git,33af2928a581eba6a1ba580b5da051612c7b7860,src/main/java/org/traccar/protocol/TramigoProtocolDecoder.java,782fd787d14bd041c818e25b06f5ebe844854163,decode04,"private ReferenceType(arguments=None, dimensions=[], name=Position, sub_type=None) decode04(ReferenceType(arguments=None, dimensions=[], name=Channel, sub_type=None) channel, ReferenceType(arguments=None, dimensions=[], name=SocketAddress, sub_type=None) remoteAddress, ReferenceType(arguments=None, dimensions=[], name=ByteBuf, sub_type=None) buf)",69,5,1424.65,64.28
traccar-traccar,https://github.com/traccar/traccar.git,9ceecf357132989390e8bb18160338b27539eaaa,src/main/java/org/traccar/protocol/TotemProtocolDecoder.java,a722658e5a3c2c15ceffa51a80b63bda758264bd,decodeObd,"private ReferenceType(arguments=None, dimensions=[], name=Position, sub_type=None) decodeObd(ReferenceType(arguments=None, dimensions=[], name=Channel, sub_type=None) channel, ReferenceType(arguments=None, dimensions=[], name=SocketAddress, sub_type=None) remoteAddress, ReferenceType(arguments=None, dimensions=[], name=String, sub_type=None) sentence)",30,3,688.77,81.67
traccar-traccar,https://github.com/traccar/traccar.git,754ff3a85baf2faaa1b962f16f52ebd0e12e6436,src/main/java/org/traccar/protocol/MeitrackProtocolDecoder.java,392f00082faff72c9948ed569e4c883a5fabe7d6,decodeBinaryE,"private ReferenceType(arguments=[TypeArgument(pattern_type=None, type=ReferenceType(arguments=None, dimensions=[], name=Position, sub_type=None))], dimensions=[], name=List, sub_type=None) decodeBinaryE(ReferenceType(arguments=None, dimensions=[], name=Channel, sub_type=None) channel, ReferenceType(arguments=None, dimensions=[], name=SocketAddress, sub_type=None) remoteAddress, ReferenceType(arguments=None, dimensions=[], name=ByteBuf, sub_type=None) buf)",172,15,3208.13,45.01
traccar-traccar,https://github.com/traccar/traccar.git,ec2b7b64a83aa1c3dcd0cd69c1ae7b2d0d8a7864,src/main/java/org/traccar/helper/Parser.java,8ae0436e5edb76243e59ee6e9b2c1a6132fd9464,hasNext,"public BasicType(dimensions=[], name=boolean) hasNext(BasicType(dimensions=[], name=int) number)",3,1,6.34,143.6
traccar-traccar,https://github.com/traccar/traccar.git,596036dc3380e0750d27c814a4d3bb94f4c7e1ea,src/main/java/org/traccar/protocol/Jt600FrameDecoder.java,ec2b7b64a83aa1c3dcd0cd69c1ae7b2d0d8a7864,decode,"protected ReferenceType(arguments=None, dimensions=[], name=Object, sub_type=None) decode(ReferenceType(arguments=None, dimensions=[], name=ChannelHandlerContext, sub_type=None) ctx, ReferenceType(arguments=None, dimensions=[], name=Channel, sub_type=None) channel, ReferenceType(arguments=None, dimensions=[], name=ByteBuf, sub_type=None) buf)",22,7,407.17,89.23
traccar-traccar,https://github.com/traccar/traccar.git,2ac77554f7771a014d62a6e5eeb381b4650dc4f4,src/main/java/org/traccar/protocol/T55ProtocolDecoder.java,9aef1bfcffa0750ba0771dd1af2ffe8667547b3a,decode,"protected ReferenceType(arguments=None, dimensions=[], name=Object, sub_type=None) decode(ReferenceType(arguments=None, dimensions=[], name=Channel, sub_type=None) channel, ReferenceType(arguments=None, dimensions=[], name=SocketAddress, sub_type=None) remoteAddress, ReferenceType(arguments=None, dimensions=[], name=Object, sub_type=None) msg)",58,26,1500.54,66.44
traccar-traccar,https://github.com/traccar/traccar.git,0f5c17535ff8a3bd7a8c8a0616535077e5c72d39,src/main/java/org/traccar/protocol/MeitrackProtocolDecoder.java,9a1cbeb7b754b0147d8ccbc334849fac087d7cda,decodeBinaryE,"private ReferenceType(arguments=[TypeArgument(pattern_type=None, type=ReferenceType(arguments=None, dimensions=[], name=Position, sub_type=None))], dimensions=[], name=List, sub_type=None) decodeBinaryE(ReferenceType(arguments=None, dimensions=[], name=Channel, sub_type=None) channel, ReferenceType(arguments=None, dimensions=[], name=SocketAddress, sub_type=None) remoteAddress, ReferenceType(arguments=None, dimensions=[], name=ByteBuf, sub_type=None) buf)",183,16,3395.01,43.69
traccar-traccar,https://github.com/traccar/traccar.git,5b77d6297eaf171595ca0eedb50e434eb073c8ac,src/main/java/org/traccar/protocol/MeitrackProtocolDecoder.java,dfc546a26f5b7b9486df31ccce812f44bd41168f,decodeBinaryE,"private ReferenceType(arguments=[TypeArgument(pattern_type=None, type=ReferenceType(arguments=None, dimensions=[], name=Position, sub_type=None))], dimensions=[], name=List, sub_type=None) decodeBinaryE(ReferenceType(arguments=None, dimensions=[], name=Channel, sub_type=None) channel, ReferenceType(arguments=None, dimensions=[], name=SocketAddress, sub_type=None) remoteAddress, ReferenceType(arguments=None, dimensions=[], name=ByteBuf, sub_type=None) buf)",178,16,3321.93,44.25
traccar-traccar,https://github.com/traccar/traccar.git,5284faae8ce9ed077035167063c8d2977d06a8fd,src/main/java/org/traccar/protocol/HuabaoProtocolDecoder.java,3331593759a21a1fa36cb64332e14828f7e522f0,decodeTransparent,"private ReferenceType(arguments=None, dimensions=[], name=Position, sub_type=None) decodeTransparent(ReferenceType(arguments=None, dimensions=[], name=DeviceSession, sub_type=None) deviceSession, ReferenceType(arguments=None, dimensions=[], name=ByteBuf, sub_type=None) buf)",105,10,1506.27,57.03
traccar-traccar,https://github.com/traccar/traccar.git,785933bc74b2530ed36b4d5fae364284e28cf5d9,src/main/java/org/traccar/protocol/HuabaoProtocolDecoder.java,2749e520c9ea1ba778c120739e2b67a9fe5e119c,decodeLocation2,"private ReferenceType(arguments=None, dimensions=[], name=Position, sub_type=None) decodeLocation2(ReferenceType(arguments=None, dimensions=[], name=DeviceSession, sub_type=None) deviceSession, ReferenceType(arguments=None, dimensions=[], name=ByteBuf, sub_type=None) buf, BasicType(dimensions=[], name=int) type)",38,10,876.91,76.3
traccar-traccar,https://github.com/traccar/traccar.git,2749e520c9ea1ba778c120739e2b67a9fe5e119c,src/main/java/org/traccar/protocol/Minifinder2ProtocolDecoder.java,f4d10160d9513eb190169d0ab335c3d99c6d4e31,decode,"protected ReferenceType(arguments=None, dimensions=[], name=Object, sub_type=None) decode(ReferenceType(arguments=None, dimensions=[], name=Channel, sub_type=None) channel, ReferenceType(arguments=None, dimensions=[], name=SocketAddress, sub_type=None) remoteAddress, ReferenceType(arguments=None, dimensions=[], name=Object, sub_type=None) msg)",161,19,3531.33,45.52
traccar-traccar,https://github.com/traccar/traccar.git,a07e078645418720ad4bbe4ce352cae607c42175,src/main/java/org/traccar/protocol/Tk103ProtocolDecoder.java,5f56a56d77216fa46a63eabbcef67d59d4d7c817,decode,"protected ReferenceType(arguments=None, dimensions=[], name=Object, sub_type=None) decode(ReferenceType(arguments=None, dimensions=[], name=Channel, sub_type=None) channel, ReferenceType(arguments=None, dimensions=[], name=SocketAddress, sub_type=None) remoteAddress, ReferenceType(arguments=None, dimensions=[], name=Object, sub_type=None) msg)",108,40,3091.66,52.51
traccar-traccar,https://github.com/traccar/traccar.git,2bb447924b834693f4d97585f1e5e9e822b62fe3,src/main/java/org/traccar/protocol/TzoneProtocolDecoder.java,f8fb3f67bc0bc44f9da89c3dabbec7406751e3c6,decodeTags,"private decodeTags(ReferenceType(arguments=None, dimensions=[], name=Position, sub_type=None) position, ReferenceType(arguments=None, dimensions=[], name=ByteBuf, sub_type=None) buf)",19,3,330.34,92.89
traccar-traccar,https://github.com/traccar/traccar.git,f8fb3f67bc0bc44f9da89c3dabbec7406751e3c6,src/main/java/org/traccar/protocol/HuabaoProtocolDecoder.java,ee3cbd4aba2e7df2ac2da4292caa87a63b171a87,decodeLocation2,"private ReferenceType(arguments=None, dimensions=[], name=Position, sub_type=None) decodeLocation2(ReferenceType(arguments=None, dimensions=[], name=DeviceSession, sub_type=None) deviceSession, ReferenceType(arguments=None, dimensions=[], name=ByteBuf, sub_type=None) buf, BasicType(dimensions=[], name=int) type)",53,12,1111.75,69.64
traccar-traccar,https://github.com/traccar/traccar.git,f73263da4800f86203e1aa425b0b7d3243d4b7c3,src/main/java/org/traccar/protocol/WialonProtocolDecoder.java,7c2f9e56ba5f699d22ec2939408357b5a220bacc,sendResponse,"private sendResponse(ReferenceType(arguments=None, dimensions=[], name=Channel, sub_type=None) channel, ReferenceType(arguments=None, dimensions=[], name=SocketAddress, sub_type=None) remoteAddress, ReferenceType(arguments=None, dimensions=[], name=String, sub_type=None) type, ReferenceType(arguments=None, dimensions=[], name=Integer, sub_type=None) number)",12,3,162.52,104.02
traccar-traccar,https://github.com/traccar/traccar.git,b083371beb7b5d32b8ce91da60e10dd3cf8b4c6b,src/main/java/org/traccar/protocol/HuabaoProtocolDecoder.java,d4efbfa2a7d9d8410540fd2b6409c4086da9cec5,decodeLocation,"private ReferenceType(arguments=None, dimensions=[], name=Position, sub_type=None) decodeLocation(ReferenceType(arguments=None, dimensions=[], name=DeviceSession, sub_type=None) deviceSession, ReferenceType(arguments=None, dimensions=[], name=ByteBuf, sub_type=None) buf)",278,25,6341.94,33.57
traccar-traccar,https://github.com/traccar/traccar.git,c2dad387cb769284b279d8f0738a3f5b04c7819b,src/main/java/org/traccar/protocol/MeitrackProtocolDecoder.java,5c26f25b3b0afc509c76bfc4a111dbc383efee26,decodeBinaryE,"private ReferenceType(arguments=[TypeArgument(pattern_type=None, type=ReferenceType(arguments=None, dimensions=[], name=Position, sub_type=None))], dimensions=[], name=List, sub_type=None) decodeBinaryE(ReferenceType(arguments=None, dimensions=[], name=Channel, sub_type=None) channel, ReferenceType(arguments=None, dimensions=[], name=SocketAddress, sub_type=None) remoteAddress, ReferenceType(arguments=None, dimensions=[], name=ByteBuf, sub_type=None) buf)",190,17,3474.74,42.95
traccar-traccar,https://github.com/traccar/traccar.git,4ece72558c80038728fa67ec51238bac48fc4d64,src/main/java/org/traccar/protocol/HuabaoProtocolDecoder.java,5da3b8fcb480736161aa6a0896501f00f197bc13,decodeLocation,"private ReferenceType(arguments=None, dimensions=[], name=Position, sub_type=None) decodeLocation(ReferenceType(arguments=None, dimensions=[], name=DeviceSession, sub_type=None) deviceSession, ReferenceType(arguments=None, dimensions=[], name=ByteBuf, sub_type=None) buf)",287,25,6582.45,32.86
traccar-traccar,https://github.com/traccar/traccar.git,44d188ece3edfb2e3ff10094465d5a1d1ab03f6a,src/main/java/org/traccar/protocol/TeltonikaProtocolDecoder.java,4ece72558c80038728fa67ec51238bac48fc4d64,parseData,"private ReferenceType(arguments=[TypeArgument(pattern_type=None, type=ReferenceType(arguments=None, dimensions=[], name=Position, sub_type=None))], dimensions=[], name=List, sub_type=None) parseData(ReferenceType(arguments=None, dimensions=[], name=Channel, sub_type=None) channel, ReferenceType(arguments=None, dimensions=[], name=SocketAddress, sub_type=None) remoteAddress, ReferenceType(arguments=None, dimensions=[], name=ByteBuf, sub_type=None) buf, BasicType(dimensions=[], name=int) locationPacketId, ReferenceType(arguments=None, dimensions=[], name=String, sub_type=None) imei)",52,14,1176.19,69.62
traccar-traccar,https://github.com/traccar/traccar.git,9a427527da45e599a1082f1f2836d195ea26acb5,src/main/java/org/traccar/protocol/Minifinder2ProtocolDecoder.java,c024d09744dea2db2d60f51bc6c1532284ffca4e,decodeAlarm,"private ReferenceType(arguments=None, dimensions=[], name=String, sub_type=None) decodeAlarm(BasicType(dimensions=[], name=long) code)",21,7,169.92,94.53
traccar-traccar,https://github.com/traccar/traccar.git,4c57f717f678969a46d9d84538a3116018dce9c1,src/main/java/org/traccar/protocol/HuabaoProtocolDecoder.java,d797671b2ce6fb70ac868bb96f87be8b2a85e4f9,decodeTransparent,"private ReferenceType(arguments=None, dimensions=[], name=Position, sub_type=None) decodeTransparent(ReferenceType(arguments=None, dimensions=[], name=DeviceSession, sub_type=None) deviceSession, ReferenceType(arguments=None, dimensions=[], name=ByteBuf, sub_type=None) buf)",133,12,2049.12,51.55
traccar-traccar,https://github.com/traccar/traccar.git,ab801e856521356ff7a33250e1abdb8857ef84b3,src/main/java/org/traccar/protocol/Tk103ProtocolDecoder.java,1d31ebe88f2674252fc2ab043349b900db5e5e2d,decodeBms,"private ReferenceType(arguments=None, dimensions=[], name=Position, sub_type=None) decodeBms(ReferenceType(arguments=None, dimensions=[], name=Channel, sub_type=None) channel, ReferenceType(arguments=None, dimensions=[], name=SocketAddress, sub_type=None) remoteAddress, ReferenceType(arguments=None, dimensions=[], name=String, sub_type=None) sentence)",46,6,1279.15,71.36
traccar-traccar,https://github.com/traccar/traccar.git,1d31ebe88f2674252fc2ab043349b900db5e5e2d,src/main/java/org/traccar/protocol/AtrackProtocolDecoder.java,f92bde2088001c34186eb3897cece90171a319d1,readBinaryCustomData,"private readBinaryCustomData(ReferenceType(arguments=None, dimensions=[], name=Position, sub_type=None) position, ReferenceType(arguments=None, dimensions=[], name=ByteBuf, sub_type=None) buf, ReferenceType(arguments=None, dimensions=[], name=String, sub_type=None) form)",125,9,1937.54,52.92
traccar-traccar,https://github.com/traccar/traccar.git,03cebd3191a9c27c4b38e585b323d5c8d6868571,src/main/java/org/traccar/protocol/Gt06ProtocolDecoder.java,0f8dd92a6b1b9a288be888838a30195a6de41250,decodeExtended,"private ReferenceType(arguments=None, dimensions=[], name=Object, sub_type=None) decodeExtended(ReferenceType(arguments=None, dimensions=[], name=Channel, sub_type=None) channel, ReferenceType(arguments=None, dimensions=[], name=SocketAddress, sub_type=None) remoteAddress, ReferenceType(arguments=None, dimensions=[], name=ByteBuf, sub_type=None) buf)",320,46,8579.53,29.58
traccar-traccar,https://github.com/traccar/traccar.git,bb6964f03867d039a547c103cd16390f78688022,src/main/java/org/traccar/protocol/Gl200TextProtocolDecoder.java,e73f36db83b9dc00a5dfe0a9625f40bd2698c3fa,decodeEri,"private ReferenceType(arguments=None, dimensions=[], name=Object, sub_type=None) decodeEri(ReferenceType(arguments=None, dimensions=[], name=Channel, sub_type=None) channel, ReferenceType(arguments=None, dimensions=[], name=SocketAddress, sub_type=None) remoteAddress, ReferenceType(arguments=None, dimensions=[], name=String, sub_type=None) sentence)",80,20,1895.62,60.08
traccar-traccar,https://github.com/traccar/traccar.git,e73f36db83b9dc00a5dfe0a9625f40bd2698c3fa,src/main/java/org/traccar/protocol/HuaShengProtocolDecoder.java,3dad196b882c031e4ed36536c3b2deeb1b3bbff6,decodePosition,"private ReferenceType(arguments=None, dimensions=[], name=Position, sub_type=None) decodePosition(ReferenceType(arguments=None, dimensions=[], name=Channel, sub_type=None) channel, ReferenceType(arguments=None, dimensions=[], name=SocketAddress, sub_type=None) remoteAddress, ReferenceType(arguments=None, dimensions=[], name=ByteBuf, sub_type=None) buf, BasicType(dimensions=[], name=int) index)",100,10,2899.72,54.41
traccar-traccar,https://github.com/traccar/traccar.git,d797671b2ce6fb70ac868bb96f87be8b2a85e4f9,src/main/java/org/traccar/protocol/HuabaoProtocolDecoder.java,ae1205dfdded530e4cdf7bb665fe52cf197c33be,decodeExtension,"private decodeExtension(ReferenceType(arguments=None, dimensions=[], name=Position, sub_type=None) position, ReferenceType(arguments=None, dimensions=[], name=ByteBuf, sub_type=None) buf, BasicType(dimensions=[], name=int) endIndex)",83,3,1329.9,61.76
traccar-traccar,https://github.com/traccar/traccar.git,b9b2c5c111a56acfab6ac6b5c314f6f0dcb9baec,src/main/java/org/traccar/protocol/HuabaoProtocolDecoder.java,553527d9fbe689be243acbf219bed432f15c25e3,decodeLocation,"private ReferenceType(arguments=None, dimensions=[], name=Position, sub_type=None) decodeLocation(ReferenceType(arguments=None, dimensions=[], name=DeviceSession, sub_type=None) deviceSession, ReferenceType(arguments=None, dimensions=[], name=ByteBuf, sub_type=None) buf)",292,25,6685.44,32.5
traccar-traccar,https://github.com/traccar/traccar.git,074dc016d21f9848140d125c2812d8abf25e8d53,src/main/java/org/traccar/api/MediaFilter.java,adbe25e9daa125e989c853068bc600c61234c342,destroy,public destroy(),2,1,2.0,156.17
traccar-traccar,https://github.com/traccar/traccar.git,fb83a98d33ddfab9a6c54c9f94a9a05a8a40f6ea,src/main/java/org/traccar/model/ExtendedModel.java,d244b4bc4999ba3e3dca607bf797c3f7d7f578ff,getString,"public ReferenceType(arguments=None, dimensions=[], name=String, sub_type=None) getString(ReferenceType(arguments=None, dimensions=[], name=String, sub_type=None) key, ReferenceType(arguments=None, dimensions=[], name=String, sub_type=None) defaultValue)",8,3,87.57,113.8
traccar-traccar,https://github.com/traccar/traccar.git,854afb13bd8115a17b9c6c4cf739707313a709cf,src/main/java/org/traccar/protocol/GoSafeProtocolDecoder.java,8de9a36abef8e66be4fcc248b49045ffd3b5f7ae,decodeFragment,"private decodeFragment(ReferenceType(arguments=None, dimensions=[], name=Position, sub_type=None) position, ReferenceType(arguments=None, dimensions=[], name=String, sub_type=None) fragment)",110,21,3449.64,51.79
traccar-traccar,https://github.com/traccar/traccar.git,a24d7d5d7a61946b45ed5d344fee0a0e27bd3144,src/main/java/org/traccar/protocol/FreematicsProtocolDecoder.java,fdbd269b9b99de074e2fd9d99d1702620102801b,decodePosition,"private ReferenceType(arguments=None, dimensions=[], name=Object, sub_type=None) decodePosition(ReferenceType(arguments=None, dimensions=[], name=Channel, sub_type=None) channel, ReferenceType(arguments=None, dimensions=[], name=SocketAddress, sub_type=None) remoteAddress, ReferenceType(arguments=None, dimensions=[], name=String, sub_type=None) sentence, ReferenceType(arguments=None, dimensions=[], name=String, sub_type=None) id)",108,11,2001.0,55.07
traccar-traccar,https://github.com/traccar/traccar.git,532c414196d94661e31c48332ff4f598c27ebbcf,src/main/java/org/traccar/protocol/WatchFrameDecoder.java,f1de2533c3527aefc6f9eb15277128bb8d8ec3cb,decode,"protected ReferenceType(arguments=None, dimensions=[], name=Object, sub_type=None) decode(ReferenceType(arguments=None, dimensions=[], name=ChannelHandlerContext, sub_type=None) ctx, ReferenceType(arguments=None, dimensions=[], name=Channel, sub_type=None) channel, ReferenceType(arguments=None, dimensions=[], name=ByteBuf, sub_type=None) buf)",33,5,412.26,82.67
traccar-traccar,https://github.com/traccar/traccar.git,82ecf19d235a50af1475463f7467d9468fa53346,src/main/java/org/traccar/protocol/AtrackProtocolDecoder.java,94fbc93f8b0a75fe17e529355c4e7758b81b4776,readBinaryCustomData,"private readBinaryCustomData(ReferenceType(arguments=None, dimensions=[], name=Position, sub_type=None) position, ReferenceType(arguments=None, dimensions=[], name=ByteBuf, sub_type=None) buf, ReferenceType(arguments=None, dimensions=[], name=String, sub_type=None) form)",310,9,5363.44,32.91
traccar-traccar,https://github.com/traccar/traccar.git,94fbc93f8b0a75fe17e529355c4e7758b81b4776,src/main/java/org/traccar/protocol/GalileoFrameDecoder.java,03650fff8064b60ffcda75f9033fd44e66ef34b3,decode,"protected ReferenceType(arguments=None, dimensions=[], name=Object, sub_type=None) decode(ReferenceType(arguments=None, dimensions=[], name=ChannelHandlerContext, sub_type=None) ctx, ReferenceType(arguments=None, dimensions=[], name=Channel, sub_type=None) channel, ReferenceType(arguments=None, dimensions=[], name=ByteBuf, sub_type=None) buf)",11,3,151.62,105.79
traccar-traccar,https://github.com/traccar/traccar.git,03650fff8064b60ffcda75f9033fd44e66ef34b3,src/main/java/org/traccar/protocol/HuabaoProtocolDecoder.java,4a64ef748e207406be4f7aa7538d59b7b0f9735c,decodeLocation,"private ReferenceType(arguments=None, dimensions=[], name=Position, sub_type=None) decodeLocation(ReferenceType(arguments=None, dimensions=[], name=DeviceSession, sub_type=None) deviceSession, ReferenceType(arguments=None, dimensions=[], name=ByteBuf, sub_type=None) buf)",295,25,6750.84,32.28
traccar-traccar,https://github.com/traccar/traccar.git,3b6900a95342ae87861cfcae8870ac790da7a504,src/main/java/org/traccar/protocol/FifotrackProtocolDecoder.java,1b899329364619cbdc4213e2fd065955a94f5c6c,decodeLocationNew,"private ReferenceType(arguments=None, dimensions=[], name=Object, sub_type=None) decodeLocationNew(ReferenceType(arguments=None, dimensions=[], name=Channel, sub_type=None) channel, ReferenceType(arguments=None, dimensions=[], name=SocketAddress, sub_type=None) remoteAddress, ReferenceType(arguments=None, dimensions=[], name=String, sub_type=None) sentence)",45,5,1256.0,71.86
traccar-traccar,https://github.com/traccar/traccar.git,2088a59da55e581391f9a768003b68baca467007,src/main/java/org/traccar/protocol/Minifinder2ProtocolDecoder.java,3b6900a95342ae87861cfcae8870ac790da7a504,decode,"protected ReferenceType(arguments=None, dimensions=[], name=Object, sub_type=None) decode(ReferenceType(arguments=None, dimensions=[], name=Channel, sub_type=None) channel, ReferenceType(arguments=None, dimensions=[], name=SocketAddress, sub_type=None) remoteAddress, ReferenceType(arguments=None, dimensions=[], name=Object, sub_type=None) msg)",177,22,3997.54,43.31
traccar-traccar,https://github.com/traccar/traccar.git,3952b3445d96d91f87d6a427ba10a86907cb0fea,src/main/java/org/traccar/protocol/Gl200TextProtocolDecoder.java,bc99846b0c88ac41b96744edd23ef254f492c0b7,decodeDar,"private ReferenceType(arguments=None, dimensions=[], name=Object, sub_type=None) decodeDar(ReferenceType(arguments=None, dimensions=[], name=Channel, sub_type=None) channel, ReferenceType(arguments=None, dimensions=[], name=SocketAddress, sub_type=None) remoteAddress, ReferenceType(arguments=None, dimensions=[], name=String, sub_type=None) sentence)",18,3,269.21,94.83
traccar-traccar,https://github.com/traccar/traccar.git,18ee50d2b0ddd75328a1c43fff21be5a4f11910d,src/main/java/org/traccar/protocol/Gt06ProtocolDecoder.java,d4c204914f907f7bbdf34a965500797b03fafdf8,decodeVariant,"private decodeVariant(ReferenceType(arguments=None, dimensions=[], name=ByteBuf, sub_type=None) buf)",35,32,936.09,77.03
traccar-traccar,https://github.com/traccar/traccar.git,7ade92a97f41951aecfbb9de720780cf5232e2c1,src/main/java/org/traccar/protocol/LaipacProtocolDecoder.java,779486a30483f7ab9c2c0f4c39c6a4e14319b330,decodeAvrmc,"protected ReferenceType(arguments=None, dimensions=[], name=Object, sub_type=None) decodeAvrmc(ReferenceType(arguments=None, dimensions=[], name=String, sub_type=None) sentence, ReferenceType(arguments=None, dimensions=[], name=Channel, sub_type=None) channel, ReferenceType(arguments=None, dimensions=[], name=SocketAddress, sub_type=None) remoteAddress)",57,13,1797.69,65.94
traccar-traccar,https://github.com/traccar/traccar.git,5e18cb586d34aa3db0417cef9635bf1d9cae6e18,src/main/java/org/traccar/protocol/MiniFinderProtocolDecoder.java,8b4d3ee0b96407ad3c889bc3bb0261e5ebe60532,decode,"protected ReferenceType(arguments=None, dimensions=[], name=Object, sub_type=None) decode(ReferenceType(arguments=None, dimensions=[], name=Channel, sub_type=None) channel, ReferenceType(arguments=None, dimensions=[], name=SocketAddress, sub_type=None) remoteAddress, ReferenceType(arguments=None, dimensions=[], name=Object, sub_type=None) msg)",60,15,1201.34,67.17
traccar-traccar,https://github.com/traccar/traccar.git,957a68d4a378c0f9d5000bc00599427fd78e663d,src/main/java/org/traccar/protocol/Gl200TextProtocolDecoder.java,a8a06ffd494fc7161ca0edca39ae35be865a383f,decode,"protected ReferenceType(arguments=None, dimensions=[], name=Object, sub_type=None) decode(ReferenceType(arguments=None, dimensions=[], name=Channel, sub_type=None) channel, ReferenceType(arguments=None, dimensions=[], name=SocketAddress, sub_type=None) remoteAddress, ReferenceType(arguments=None, dimensions=[], name=Object, sub_type=None) msg)",91,11,1730.41,58.6
traccar-traccar,https://github.com/traccar/traccar.git,8b4d3ee0b96407ad3c889bc3bb0261e5ebe60532,src/main/java/org/traccar/protocol/StartekProtocolDecoder.java,52799453e0ee9a9db3cbad58138712c8c40c458f,decodePosition,"protected ReferenceType(arguments=None, dimensions=[], name=Object, sub_type=None) decodePosition(ReferenceType(arguments=None, dimensions=[], name=DeviceSession, sub_type=None) deviceSession, ReferenceType(arguments=None, dimensions=[], name=String, sub_type=None) content)",81,14,2453.89,58.61
traccar-traccar,https://github.com/traccar/traccar.git,44527107b2bd5798356d6639573d3ccea67fd3b4,src/main/java/org/traccar/protocol/Gl200TextProtocolDecoder.java,5e18cb586d34aa3db0417cef9635bf1d9cae6e18,decodeCan,"private ReferenceType(arguments=None, dimensions=[], name=Object, sub_type=None) decodeCan(ReferenceType(arguments=None, dimensions=[], name=Channel, sub_type=None) channel, ReferenceType(arguments=None, dimensions=[], name=SocketAddress, sub_type=None) remoteAddress, ReferenceType(arguments=None, dimensions=[], name=String, sub_type=None) sentence)",186,80,6108.11,40.0
traccar-traccar,https://github.com/traccar/traccar.git,92e90931cd806d4b2f53ff946a19b46595f856e9,src/main/java/org/traccar/protocol/Gt06ProtocolDecoder.java,d2ce5af3478265c6c047f5ec4bf206baebb467d1,decodeBasic,"private ReferenceType(arguments=None, dimensions=[], name=Object, sub_type=None) decodeBasic(ReferenceType(arguments=None, dimensions=[], name=Channel, sub_type=None) channel, ReferenceType(arguments=None, dimensions=[], name=SocketAddress, sub_type=None) remoteAddress, ReferenceType(arguments=None, dimensions=[], name=ByteBuf, sub_type=None) buf)",427,107,15199.86,21.73
traccar-traccar,https://github.com/traccar/traccar.git,b5d5ec43181a428741c312462024d17ff7fbc676,src/main/java/org/traccar/protocol/Gt06ProtocolDecoder.java,b3c6e22fc19ceeceb0f318131538b5e1d260450c,decodeBasic,"private ReferenceType(arguments=None, dimensions=[], name=Object, sub_type=None) decodeBasic(ReferenceType(arguments=None, dimensions=[], name=Channel, sub_type=None) channel, ReferenceType(arguments=None, dimensions=[], name=SocketAddress, sub_type=None) remoteAddress, ReferenceType(arguments=None, dimensions=[], name=ByteBuf, sub_type=None) buf)",431,109,15316.4,21.54
traccar-traccar,https://github.com/traccar/traccar.git,2be2a4558ace9825a69aecf6329305490eb5fe5e,src/main/java/org/traccar/protocol/Minifinder2ProtocolDecoder.java,105873ab5256a774ef07ca7ee459da0917829591,decode,"protected ReferenceType(arguments=None, dimensions=[], name=Object, sub_type=None) decode(ReferenceType(arguments=None, dimensions=[], name=Channel, sub_type=None) channel, ReferenceType(arguments=None, dimensions=[], name=SocketAddress, sub_type=None) remoteAddress, ReferenceType(arguments=None, dimensions=[], name=Object, sub_type=None) msg)",179,24,4035.52,43.06
traccar-traccar,https://github.com/traccar/traccar.git,104e8a4a7829b4b4a4723a715cc2b15899fa8b9f,src/main/java/org/traccar/protocol/TopinProtocolDecoder.java,007b4007e063cfb966a4024ef267992a4f1f9ccb,decode,"protected ReferenceType(arguments=None, dimensions=[], name=Object, sub_type=None) decode(ReferenceType(arguments=None, dimensions=[], name=Channel, sub_type=None) channel, ReferenceType(arguments=None, dimensions=[], name=SocketAddress, sub_type=None) remoteAddress, ReferenceType(arguments=None, dimensions=[], name=Object, sub_type=None) msg)",122,22,3462.03,50.09
traccar-traccar,https://github.com/traccar/traccar.git,b3c6e22fc19ceeceb0f318131538b5e1d260450c,src/main/java/org/traccar/helper/BufferUtil.java,7325030436e5fc42b6998240a0c5696a1d4fed5a,indexOf,"static public BasicType(dimensions=[], name=int) indexOf(ReferenceType(arguments=None, dimensions=[], name=ByteBuf, sub_type=None) buffer, BasicType(dimensions=[], name=int) fromIndex, BasicType(dimensions=[], name=int) toIndex, BasicType(dimensions=[], name=byte) value, BasicType(dimensions=[], name=int) count)",11,4,185.84,104.67
traccar-traccar,https://github.com/traccar/traccar.git,74d73a9dc28fc608117c04da4652d43f633a72c5,src/main/java/org/traccar/protocol/HuaShengProtocolDecoder.java,3642b952086355f5f2a52f7dc9b2cdfea4c02e31,decodePosition,"private ReferenceType(arguments=None, dimensions=[], name=Position, sub_type=None) decodePosition(ReferenceType(arguments=None, dimensions=[], name=Channel, sub_type=None) channel, ReferenceType(arguments=None, dimensions=[], name=SocketAddress, sub_type=None) remoteAddress, ReferenceType(arguments=None, dimensions=[], name=ByteBuf, sub_type=None) buf, BasicType(dimensions=[], name=int) index)",105,11,3063.77,53.31
traccar-traccar,https://github.com/traccar/traccar.git,a632bdab0f5a6771ae40260a485c93bdcc853d42,src/main/java/org/traccar/protocol/T622IridiumProtocolDecoder.java,5a1a8d9192ee44b116f10e5ce3551a4e4bc70deb,decode,"protected ReferenceType(arguments=None, dimensions=[], name=Object, sub_type=None) decode(ReferenceType(arguments=None, dimensions=[], name=Channel, sub_type=None) channel, ReferenceType(arguments=None, dimensions=[], name=SocketAddress, sub_type=None) remoteAddress, ReferenceType(arguments=None, dimensions=[], name=Object, sub_type=None) msg)",84,4,1287.48,61.67
traccar-traccar,https://github.com/traccar/traccar.git,f1470e56708b66c805e63619209930e83116f4ea,src/main/java/org/traccar/protocol/WatchFrameDecoder.java,6631d7c4b3522e81af563e3ac82131a6e5c50b89,decode,"protected ReferenceType(arguments=None, dimensions=[], name=Object, sub_type=None) decode(ReferenceType(arguments=None, dimensions=[], name=ChannelHandlerContext, sub_type=None) ctx, ReferenceType(arguments=None, dimensions=[], name=Channel, sub_type=None) channel, ReferenceType(arguments=None, dimensions=[], name=ByteBuf, sub_type=None) buf)",39,7,501.49,78.87
traccar-traccar,https://github.com/traccar/traccar.git,fc3c3ee38bdfd51ed1f56488661becffecceb3ef,src/main/java/org/traccar/protocol/Gt06ProtocolDecoder.java,6e5481ebb1858726604706d011e5c5f509ac5306,decodeLbs,"private BasicType(dimensions=[], name=boolean) decodeLbs(ReferenceType(arguments=None, dimensions=[], name=Position, sub_type=None) position, ReferenceType(arguments=None, dimensions=[], name=ByteBuf, sub_type=None) buf, BasicType(dimensions=[], name=int) type, BasicType(dimensions=[], name=boolean) hasLength)",45,14,776.91,74.12
traccar-traccar,https://github.com/traccar/traccar.git,1a1126d2d39220f3f28d98662a8c3d5fd4c1cfee,src/main/java/org/traccar/protocol/HuaShengProtocolDecoder.java,413d9a49c41a27a221f2350e5cd4864c1231bb50,decodePosition,"private ReferenceType(arguments=None, dimensions=[], name=Position, sub_type=None) decodePosition(ReferenceType(arguments=None, dimensions=[], name=Channel, sub_type=None) channel, ReferenceType(arguments=None, dimensions=[], name=SocketAddress, sub_type=None) remoteAddress, ReferenceType(arguments=None, dimensions=[], name=ByteBuf, sub_type=None) buf, BasicType(dimensions=[], name=int) index)",105,11,3072.72,53.3
traccar-traccar,https://github.com/traccar/traccar.git,6e5481ebb1858726604706d011e5c5f509ac5306,src/main/java/org/traccar/protocol/SuntechProtocolDecoder.java,1a1126d2d39220f3f28d98662a8c3d5fd4c1cfee,decode4,"private ReferenceType(arguments=None, dimensions=[], name=Position, sub_type=None) decode4(ReferenceType(arguments=None, dimensions=[], name=Channel, sub_type=None) channel, ReferenceType(arguments=None, dimensions=[], name=SocketAddress, sub_type=None) remoteAddress, ReferenceType(arguments=None, dimensions=[None], name=String, sub_type=None) values)",53,9,1687.57,67.53
traccar-traccar,https://github.com/traccar/traccar.git,2561c3340719089518ef095dd7497c660351eb64,src/main/java/org/traccar/protocol/WatchProtocolDecoder.java,d4db066c6e0295a4c8646d82a982cd82e42c84c4,decode,"protected ReferenceType(arguments=None, dimensions=[], name=Object, sub_type=None) decode(ReferenceType(arguments=None, dimensions=[], name=Channel, sub_type=None) channel, ReferenceType(arguments=None, dimensions=[], name=SocketAddress, sub_type=None) remoteAddress, ReferenceType(arguments=None, dimensions=[], name=Object, sub_type=None) msg)",130,38,3845.67,48.38
traccar-traccar,https://github.com/traccar/traccar.git,28440b7726f186d08073acf7b9b119ec995b1ab7,src/main/java/org/traccar/protocol/RuptelaProtocolDecoder.java,230f629c3dce039aa8856fe2fb4c447a086d72e4,decode,"protected ReferenceType(arguments=None, dimensions=[], name=Object, sub_type=None) decode(ReferenceType(arguments=None, dimensions=[], name=Channel, sub_type=None) channel, ReferenceType(arguments=None, dimensions=[], name=SocketAddress, sub_type=None) remoteAddress, ReferenceType(arguments=None, dimensions=[], name=Object, sub_type=None) msg)",143,31,4255.17,46.36
traccar-traccar,https://github.com/traccar/traccar.git,230f629c3dce039aa8856fe2fb4c447a086d72e4,src/main/java/org/traccar/protocol/Gt06ProtocolDecoder.java,95fdfd770130b774e6201ddc88bba9241c95e3cc,decodeBasic,"private ReferenceType(arguments=None, dimensions=[], name=Object, sub_type=None) decodeBasic(ReferenceType(arguments=None, dimensions=[], name=Channel, sub_type=None) channel, ReferenceType(arguments=None, dimensions=[], name=SocketAddress, sub_type=None) remoteAddress, ReferenceType(arguments=None, dimensions=[], name=ByteBuf, sub_type=None) buf)",439,112,15589.95,21.14
traccar-traccar,https://github.com/traccar/traccar.git,95fdfd770130b774e6201ddc88bba9241c95e3cc,src/main/java/org/traccar/protocol/Gt06ProtocolDecoder.java,d979ab718ff043c6ec6b815e9833621b9fe0e566,decodeGps,"static public BasicType(dimensions=[], name=boolean) decodeGps(ReferenceType(arguments=None, dimensions=[], name=Position, sub_type=None) position, ReferenceType(arguments=None, dimensions=[], name=ByteBuf, sub_type=None) buf, BasicType(dimensions=[], name=boolean) hasLength, ReferenceType(arguments=None, dimensions=[], name=TimeZone, sub_type=None) timezone)",3,1,53.15,132.54
traccar-traccar,https://github.com/traccar/traccar.git,eb2021058ae754cf75ce2c303581de98e9f0f53f,src/main/java/org/traccar/protocol/StarcomProtocolDecoder.java,4a5b8d79b560c7941960cc47c551d87b1a942320,decode,"protected ReferenceType(arguments=None, dimensions=[], name=Object, sub_type=None) decode(ReferenceType(arguments=None, dimensions=[], name=Channel, sub_type=None) channel, ReferenceType(arguments=None, dimensions=[], name=SocketAddress, sub_type=None) remoteAddress, ReferenceType(arguments=None, dimensions=[], name=Object, sub_type=None) msg)",83,4,1721.3,60.35
traccar-traccar,https://github.com/traccar/traccar.git,2dd48fa51b39489aff03e4d0ede2e4be196283ec,src/main/java/org/traccar/protocol/GatorProtocolEncoder.java,ed3950fbdccfbd118ed898066fc74c93e7542ec4,encodeCommand,"protected ReferenceType(arguments=None, dimensions=[], name=Object, sub_type=None) encodeCommand(ReferenceType(arguments=None, dimensions=[], name=Command, sub_type=None) command)",25,2,571.59,85.68
traccar-traccar,https://github.com/traccar/traccar.git,9df5d93ba0482b628d05b10c29100144beed5b5d,src/main/java/org/traccar/protocol/KhdProtocolDecoder.java,cadcd2676adbc1974265acb9ec6d43fc06932824,decode,"protected ReferenceType(arguments=None, dimensions=[], name=Object, sub_type=None) decode(ReferenceType(arguments=None, dimensions=[], name=Channel, sub_type=None) channel, ReferenceType(arguments=None, dimensions=[], name=SocketAddress, sub_type=None) remoteAddress, ReferenceType(arguments=None, dimensions=[], name=Object, sub_type=None) msg)",106,25,2599.35,53.82
traccar-traccar,https://github.com/traccar/traccar.git,070cb02751a29eb746a5b2c1797dcbe26e5af9ad,src/main/java/org/traccar/protocol/StartekProtocolDecoder.java,7ce4fb9a628f1875ee7b616bbd3a03a6be008a0d,decodePosition,"protected ReferenceType(arguments=None, dimensions=[], name=Object, sub_type=None) decodePosition(ReferenceType(arguments=None, dimensions=[], name=DeviceSession, sub_type=None) deviceSession, ReferenceType(arguments=None, dimensions=[], name=String, sub_type=None) content)",84,15,2531.3,57.85
traccar-traccar,https://github.com/traccar/traccar.git,7ce4fb9a628f1875ee7b616bbd3a03a6be008a0d,src/main/java/org/traccar/protocol/PuiProtocolDecoder.java,a9c311855a495901935c2cb70252fa917fd88232,decode,"protected ReferenceType(arguments=None, dimensions=[], name=Object, sub_type=None) decode(ReferenceType(arguments=None, dimensions=[], name=DeviceSession, sub_type=None) deviceSession, ReferenceType(arguments=None, dimensions=[], name=MqttPublishMessage, sub_type=None) message)",25,2,584.78,85.56
traccar-traccar,https://github.com/traccar/traccar.git,6f59f756a7d3e86924e762919dbbe13940a6511f,src/main/java/org/traccar/protocol/HuabaoProtocolDecoder.java,8638bc8ab98fa5ee6199ecaa28754972dee15e5e,decodeLocation,"private ReferenceType(arguments=None, dimensions=[], name=Position, sub_type=None) decodeLocation(ReferenceType(arguments=None, dimensions=[], name=DeviceSession, sub_type=None) deviceSession, ReferenceType(arguments=None, dimensions=[], name=ByteBuf, sub_type=None) buf)",301,26,6919.59,31.82
traccar-traccar,https://github.com/traccar/traccar.git,d5bc3cc9d97be0df8e0ce46b000556efb08a9451,src/main/java/org/traccar/protocol/T800xProtocolDecoder.java,6f59f756a7d3e86924e762919dbbe13940a6511f,decodePosition,"private ReferenceType(arguments=None, dimensions=[], name=Position, sub_type=None) decodePosition(ReferenceType(arguments=None, dimensions=[], name=Channel, sub_type=None) channel, ReferenceType(arguments=None, dimensions=[], name=DeviceSession, sub_type=None) deviceSession, ReferenceType(arguments=None, dimensions=[], name=ByteBuf, sub_type=None) buf, BasicType(dimensions=[], name=int) type, BasicType(dimensions=[], name=int) index, ReferenceType(arguments=None, dimensions=[], name=ByteBuf, sub_type=None) imei)",147,34,4817.57,45.25
traccar-traccar,https://github.com/traccar/traccar.git,fae601aa36d83828cba16e3405ada179ce7d1e57,src/main/java/org/traccar/protocol/TeltonikaProtocolDecoder.java,65f54c200cf0dcadaa9a1ce685e3eaeb88ce7506,decodeLocation,"private decodeLocation(ReferenceType(arguments=None, dimensions=[], name=Position, sub_type=None) position, ReferenceType(arguments=None, dimensions=[], name=ByteBuf, sub_type=None) buf, BasicType(dimensions=[], name=int) codec, ReferenceType(arguments=None, dimensions=[], name=String, sub_type=None) model)",135,35,3861.14,47.77
traccar-traccar,https://github.com/traccar/traccar.git,65f54c200cf0dcadaa9a1ce685e3eaeb88ce7506,src/main/java/org/traccar/protocol/Gt06ProtocolDecoder.java,45a0d3b8673a5bab98570b84a864e6b313fe2899,decodeVariant,"private decodeVariant(ReferenceType(arguments=None, dimensions=[], name=ByteBuf, sub_type=None) buf)",39,38,1136.36,74.23
traccar-traccar,https://github.com/traccar/traccar.git,b569b3467d214d1cab8f38dfdf43679e5fd8c592,src/main/java/org/traccar/protocol/Gt06ProtocolDecoder.java,fa2a61f6487c9ad8a338cdacf18f15be9c299cfd,decodeLbs,"private BasicType(dimensions=[], name=boolean) decodeLbs(ReferenceType(arguments=None, dimensions=[], name=Position, sub_type=None) position, ReferenceType(arguments=None, dimensions=[], name=ByteBuf, sub_type=None) buf, BasicType(dimensions=[], name=int) type, BasicType(dimensions=[], name=boolean) hasLength)",45,15,799.93,73.95
traccar-traccar,https://github.com/traccar/traccar.git,d3631eb7286338a0ea046a511aa5cbfce470c7b7,src/main/java/org/traccar/protocol/Gt06ProtocolDecoder.java,37ed394724c0bdcc6f98f421e71d76916206ed30,decodeBasic,"private ReferenceType(arguments=None, dimensions=[], name=Object, sub_type=None) decodeBasic(ReferenceType(arguments=None, dimensions=[], name=Channel, sub_type=None) channel, ReferenceType(arguments=None, dimensions=[], name=SocketAddress, sub_type=None) remoteAddress, ReferenceType(arguments=None, dimensions=[], name=ByteBuf, sub_type=None) buf)",477,122,16769.65,19.4
AuthMe-ConfigMe,https://github.com/AuthMe/ConfigMe.git,cab40d1c3c13c43455226d0324de62b288dab544,src/main/java/ch/jalu/configme/configurationdata/PropertyListBuilder.java,7bf10c51347958ead6d2d8d11e6077dbc35c980e,add,"public add(ReferenceType(arguments=[TypeArgument(pattern_type=?, type=None)], dimensions=[], name=Property, sub_type=None) property)",12,3,310.0,100.66
BrightSpots-rcv,https://github.com/BrightSpots/rcv.git,558b63d5c43b4522c0fd13868b1f146cf3c4f799,src/main/java/network/brightspots/rcv/Logger.java,688920f277061ec880f3ed343a6d690dc98dd6de,removeTabulationFileLogging,static removeTabulationFileLogging(),5,1,25.27,128.13
BrightSpots-rcv,https://github.com/BrightSpots/rcv.git,833ebaf06efe617091a4d5b9a2812aaae8dc73c8,src/main/java/network/brightspots/rcv/ResultsWriter.java,c80e6272c83a67999bce67e3a5c9b5a9120fe2c2,generateSummarySpreadsheet,"private generateSummarySpreadsheet(ReferenceType(arguments=[TypeArgument(pattern_type=None, type=ReferenceType(arguments=None, dimensions=[], name=Integer, sub_type=None)), TypeArgument(pattern_type=None, type=ReferenceType(arguments=None, dimensions=[], name=RoundTally, sub_type=None))], dimensions=[], name=Map, sub_type=None) roundTallies, ReferenceType(arguments=None, dimensions=[], name=String, sub_type=None) precinct, ReferenceType(arguments=None, dimensions=[], name=String, sub_type=None) outputPath)",135,22,3299.03,48.7
Enigmatis-graphql-java-annotations,https://github.com/Enigmatis/graphql-java-annotations.git,6d9d7a79de7b1a8f25aef7850e4666c864557ae9,src/main/java/graphql/annotations/processor/retrievers/fieldBuilders/DirectivesBuilder.java,183752ce8b9ab64dfd43b0679336b28faf7c03b9,transformArgument,"private transformArgument(ReferenceType(arguments=None, dimensions=[], name=Annotation, sub_type=None) annotation, ReferenceType(arguments=None, dimensions=[], name=GraphQLDirective, sub_type=ReferenceType(arguments=None, dimensions=None, name=Builder, sub_type=None)) directiveBuilder, ReferenceType(arguments=[TypeArgument(pattern_type=None, type=ReferenceType(arguments=None, dimensions=[], name=GraphQLArgument, sub_type=None))], dimensions=[], name=List, sub_type=None) arguments, BasicType(dimensions=[], name=int) i)",25,4,396.46,87.43
GoSimpleLLC-nbvcxz,https://github.com/GoSimpleLLC/nbvcxz.git,122c97d9eb71575bd12cf5c22e2ccd70ce826e62,src/main/java/me/gosimple/nbvcxz/matching/DictionaryMatcher.java,ee8d5c62f4fbba1b975a1e8675abb5dff3ef4cb6,match,"public ReferenceType(arguments=[TypeArgument(pattern_type=None, type=ReferenceType(arguments=None, dimensions=[], name=Match, sub_type=None))], dimensions=[], name=List, sub_type=None) match(ReferenceType(arguments=None, dimensions=[], name=Configuration, sub_type=None) configuration, ReferenceType(arguments=None, dimensions=[], name=String, sub_type=None) password)",109,21,2288.27,54.08
Moderocky-ByteSkript,https://github.com/Moderocky/ByteSkript.git,65ea545567a680bc0062572f48500d9e061e1b35,src/main/java/org/byteskript/skript/compiler/DebugSkriptCompiler.java,1dce2997df7f55536293234a04b666de3d6b2a85,compile,"public ReferenceType(arguments=None, dimensions=[None], name=PostCompileClass, sub_type=None) compile(ReferenceType(arguments=None, dimensions=[], name=InputStream, sub_type=None) stream, ReferenceType(arguments=None, dimensions=[], name=Type, sub_type=None) path)",6,1,78.87,119.26
TheAlgorithms-Java,https://github.com/TheAlgorithms/Java.git,e14b30b88c0de95186fe1937f795b7d8fd3fa8aa,src/main/java/com/thealgorithms/maths/FindMin.java,4f1514980495c4daaae2eb060228a87e14cbae11,findMin,"static public BasicType(dimensions=[], name=int) findMin(BasicType(dimensions=[None], name=int) array)",9,3,86.49,111.96
TheAlgorithms-Java,https://github.com/TheAlgorithms/Java.git,4f1514980495c4daaae2eb060228a87e14cbae11,src/main/java/com/thealgorithms/maths/FindMax.java,96c1a96647c947f8f0c531ade3bc18967359e0ea,findMax,"static public BasicType(dimensions=[], name=int) findMax(BasicType(dimensions=[None], name=int) array)",9,3,89.62,111.78
TheAlgorithms-Java,https://github.com/TheAlgorithms/Java.git,4fab7adfaa3679d8b41360d169b40ee18b9ed735,src/main/java/com/thealgorithms/maths/Armstrong.java,a3a2d845d563a901946e052eeebba2f6e51e37d8,isArmstrong,"public BasicType(dimensions=[], name=boolean) isArmstrong(BasicType(dimensions=[], name=int) number)",10,2,118.54,108.71
YehiaFarghaly-database-engine,https://github.com/YehiaFarghaly/database-engine.git,acf65274fdb3a8432aa2c0d8759a47ed823a638e,src/main/java/app/DBApp.java,8314bfdec0aa431561d903d788ecdf31fd3c6c5c,createTable,"public createTable(ReferenceType(arguments=None, dimensions=[], name=String, sub_type=None) strTableName, ReferenceType(arguments=None, dimensions=[], name=String, sub_type=None) strClusteringKeyColumn, ReferenceType(arguments=[TypeArgument(pattern_type=None, type=ReferenceType(arguments=None, dimensions=[], name=String, sub_type=None)), TypeArgument(pattern_type=None, type=ReferenceType(arguments=None, dimensions=[], name=String, sub_type=None))], dimensions=[], name=Hashtable, sub_type=None) htblColNameType, ReferenceType(arguments=[TypeArgument(pattern_type=None, type=ReferenceType(arguments=None, dimensions=[], name=String, sub_type=None)), TypeArgument(pattern_type=None, type=ReferenceType(arguments=None, dimensions=[], name=String, sub_type=None))], dimensions=[], name=Hashtable, sub_type=None) htblColNameMin, ReferenceType(arguments=[TypeArgument(pattern_type=None, type=ReferenceType(arguments=None, dimensions=[], name=String, sub_type=None)), TypeArgument(pattern_type=None, type=ReferenceType(arguments=None, dimensions=[], name=String, sub_type=None))], dimensions=[], name=Hashtable, sub_type=None) htblColNameMax)",16,2,271.03,96.79
YehiaFarghaly-database-engine,https://github.com/YehiaFarghaly/database-engine.git,403a4c0b3b6ce9c1890524224b210fc619cf057d,src/main/java/app/DBApp.java,c5f961f27373a552d506ba0380d3898188971523,getMyTables,"public ReferenceType(arguments=[TypeArgument(pattern_type=None, type=ReferenceType(arguments=None, dimensions=[], name=String, sub_type=None))], dimensions=[], name=HashSet, sub_type=None) getMyTables()",3,1,19.65,137.72
assertj-assertj-vavr,https://github.com/assertj/assertj-vavr.git,cd521160aae3675f8427d13b8e0db4b137dc3082,src/main/java/org/assertj/vavr/api/AbstractSeqAssert.java,f4d7f276e87c5612bd743d0fd21f947d059170f8,usingElementComparator,"public ReferenceType(arguments=None, dimensions=[], name=SELF, sub_type=None) usingElementComparator(ReferenceType(arguments=[TypeArgument(pattern_type=super, type=ReferenceType(arguments=None, dimensions=[], name=ELEMENT, sub_type=None))], dimensions=[], name=Comparator, sub_type=None) customComparator)",4,1,51.81,128.01
aws-aws-secretsmanager-jdbc,https://github.com/aws/aws-secretsmanager-jdbc.git,42dc301cc7e1a47b148f8526392be9fe8ecdaff2,src/main/java/com/amazonaws/secretsmanager/sql/AWSSecretsManagerPostgreSQLDriver.java,d25e52d637cff0b8fc971738d514522074ba4e6e,constructUrlFromEndpointPortDatabase,"public ReferenceType(arguments=None, dimensions=[], name=String, sub_type=None) constructUrlFromEndpointPortDatabase(ReferenceType(arguments=None, dimensions=[], name=String, sub_type=None) endpoint, ReferenceType(arguments=None, dimensions=[], name=String, sub_type=None) port, ReferenceType(arguments=None, dimensions=[], name=String, sub_type=None) dbname)",10,3,136.0,107.9
aws-event-ruler,https://github.com/aws/event-ruler.git,e97a9ce044db03277fad612df079609baa4cbd1a,src/main/software/amazon/event/ruler/JsonRuleCompiler.java,68481127e05057f46f51ab9a665161c77f42c5e6,processMatchExpression,"static private ReferenceType(arguments=None, dimensions=[], name=Patterns, sub_type=None) processMatchExpression(ReferenceType(arguments=None, dimensions=[], name=JsonParser, sub_type=None) parser)",151,45,3025.2,47.17
awslabs-aws-java-nio-spi-for-s3,https://github.com/awslabs/aws-java-nio-spi-for-s3.git,a5c2d52a5401544add754f75bb12e0b2a8ed3e81,src/main/java/software/amazon/nio/spi/s3/S3FileSystem.java,ea1044d51bb4f61af05b6651539a719b7a03c529,getRootDirectories,"public ReferenceType(arguments=[TypeArgument(pattern_type=None, type=ReferenceType(arguments=None, dimensions=[], name=Path, sub_type=None))], dimensions=[], name=Iterable, sub_type=None) getRootDirectories()",3,1,28.53,135.78
awslabs-aws-java-nio-spi-for-s3,https://github.com/awslabs/aws-java-nio-spi-for-s3.git,890fdddf3049695ce0e9ea1f44f6e067e316d33b,src/main/java/software/amazon/nio/spi/s3/S3Path.java,8ae86f85f32877e8eb8230582cae7a058b251879,toUri,"public ReferenceType(arguments=None, dimensions=[], name=URI, sub_type=None) toUri()",6,1,59.21,120.75
ballerina-platform-lsp4intellij,https://github.com/ballerina-platform/lsp4intellij.git,e194fe9ff5f079b81dd9ba48520524d1757900ab,src/main/java/org/wso2/lsp4intellij/utils/FileUtils.java,8b03eddead47f04da18c51534a558654206eeae6,VFSToURI,"static public ReferenceType(arguments=None, dimensions=[], name=String, sub_type=None) VFSToURI(ReferenceType(arguments=None, dimensions=[], name=VirtualFile, sub_type=None) file)",8,2,89.21,113.8
bhlangonijr-chesslib,https://github.com/bhlangonijr/chesslib.git,97526078581d438edc5795d43dcd26633eb035c0,src/main/java/com/github/bhlangonijr/chesslib/pgn/GameLoader.java,cf68677eac6d6a84c8ef286aadbddf11d3155e4c,addMoveText,"static private addMoveText(ReferenceType(arguments=None, dimensions=[], name=String, sub_type=None) line, ReferenceType(arguments=None, dimensions=[], name=PgnTempContainer, sub_type=None) container)",5,1,64.53,123.26
c-rack-cbor-java,https://github.com/c-rack/cbor-java.git,b010e8c62bf76b7aa3fc54fe21e78e6f8c8d403d,src/main/java/co/nstant/in/cbor/decoder/SpecialDecoder.java,cabd70d02e864354117d73d96d70ab021d748188,decode,"public ReferenceType(arguments=None, dimensions=[], name=Special, sub_type=None) decode(BasicType(dimensions=[], name=int) initialByte)",33,3,330.34,83.94
crawler-commons-crawler-commons,https://github.com/crawler-commons/crawler-commons.git,d8a61263654a4b3b5c3f726943f2fc8cdacc579d,src/main/java/crawlercommons/robots/SimpleRobotRulesParser.java,2c2cb3bf7a95c9dde49f8f9b93abc858b8c9311f,parseContent,"public ReferenceType(arguments=None, dimensions=[], name=SimpleRobotRules, sub_type=None) parseContent(ReferenceType(arguments=None, dimensions=[], name=String, sub_type=None) url, BasicType(dimensions=[None], name=byte) content, ReferenceType(arguments=None, dimensions=[], name=String, sub_type=None) contentType, ReferenceType(arguments=None, dimensions=[], name=String, sub_type=None) robotNames)",3,1,85.95,130.04
dmak-jaxb-xew-plugin,https://github.com/dmak/jaxb-xew-plugin.git,f2320aaa24d70d087ff24edc326912ac22d1acb8,src/main/java/com/sun/tools/xjc/addon/xew/XmlElementWrapperPlugin.java,f48935133d6ad30ad31613fca3b64db50f77fd26,moveClassLevelUp,"private moveClassLevelUp(ReferenceType(arguments=None, dimensions=[], name=Outline, sub_type=None) outline, ReferenceType(arguments=None, dimensions=[], name=JDefinedClass, sub_type=None) clazz)",30,6,815.15,80.63
ezylang-EvalEx,https://github.com/ezylang/EvalEx.git,df8eeeb85e2402bb88784729c497d9b3cfcfa27d,src/main/java/com/ezylang/evalex/parser/Tokenizer.java,7c39c5478a3934ae862aa5d86718d7414ecb3a3c,parseNumberLiteral,"private ReferenceType(arguments=None, dimensions=[], name=Token, sub_type=None) parseNumberLiteral()",28,12,452.78,84.65
fishercoder1534-Leetcode,https://github.com/fishercoder1534/Leetcode.git,24b7a6aecc4e431640a2b82a562199008a8bb896,src/main/java/com/fishercoder/solutions/_235.java,2110c6b023b7c5623b2603dae9979201f2b2c3ac,lowestCommonAncestor,"public ReferenceType(arguments=None, dimensions=[], name=TreeNode, sub_type=None) lowestCommonAncestor(ReferenceType(arguments=None, dimensions=[], name=TreeNode, sub_type=None) root, ReferenceType(arguments=None, dimensions=[], name=TreeNode, sub_type=None) p, ReferenceType(arguments=None, dimensions=[], name=TreeNode, sub_type=None) q)",12,6,199.25,102.8
fusesource-jansi,https://github.com/fusesource/jansi.git,7bc5862085f8626be485a1563e24d22130dd8ebc,src/main/java/org/fusesource/jansi/AnsiRenderer.java,58260c6ce08c203e342df7d221c9902ada230d8c,render,"static public ReferenceType(arguments=None, dimensions=[], name=String, sub_type=None) render(ReferenceType(arguments=None, dimensions=[], name=String, sub_type=None) input)",7,2,44.38,119.59
iipc-jwarc,https://github.com/iipc/jwarc.git,e00277a5a8569d039a7d739e69af9219591485a0,src/org/netpreserve/jwarc/cdx/CdxRequestEncoder.java,e00ce46c1e36d68ccec59e8c510fc0f1b50da424,encode,"static public ReferenceType(arguments=None, dimensions=[], name=String, sub_type=None) encode(ReferenceType(arguments=None, dimensions=[], name=HttpRequest, sub_type=None) httpRequest)",18,5,359.45,93.21
iipc-jwarc,https://github.com/iipc/jwarc.git,ed4e7940b8d4b01e85bc80a3a2bedd0cd1319c86,src/org/netpreserve/jwarc/cdx/CdxRequestEncoder.java,d47a479c9025ee8fa9fe7e494b33df5b48d802c7,encodeFormBody,"static private encodeFormBody(ReferenceType(arguments=None, dimensions=[], name=InputStream, sub_type=None) stream, ReferenceType(arguments=None, dimensions=[], name=StringBuilder, sub_type=None) out)",13,2,235.0,100.9
jhy-jsoup,https://github.com/jhy/jsoup.git,9d104b7ea2a715c62553559a9869356913eb87c1,src/main/java/org/jsoup/nodes/TextNode.java,e52224fbfe6632248cc58c593efae9a22ba2e622,outerHtmlHead,"outerHtmlHead(ReferenceType(arguments=None, dimensions=[], name=Appendable, sub_type=None) accum, BasicType(dimensions=[], name=int) depth, ReferenceType(arguments=None, dimensions=[], name=Document, sub_type=ReferenceType(arguments=None, dimensions=None, name=OutputSettings, sub_type=None)) out)",26,25,833.85,82.5
jhy-jsoup,https://github.com/jhy/jsoup.git,f284d35658a8ec46a4caca07b495dc66691cbc17,src/main/java/org/jsoup/parser/HtmlTreeBuilder.java,401c8b010e01a03d5af00b88387e0dc3a8c1c8a4,insertStartTag,"ReferenceType(arguments=None, dimensions=[], name=Element, sub_type=None) insertStartTag(ReferenceType(arguments=None, dimensions=[], name=String, sub_type=None) startTagName)",5,1,49.83,124.6
klausbrunner-solarpositioning,https://github.com/klausbrunner/solarpositioning.git,2756287e64dacf48eea353e035e544ba21176558,src/main/java/net/e175/klaus/solarpositioning/Grena3.java,79c0044373b483e625b42fa8513000cb719651b9,calculateSolarPosition,"static public ReferenceType(arguments=None, dimensions=[], name=AzimuthZenithAngle, sub_type=None) calculateSolarPosition(ReferenceType(arguments=None, dimensions=[], name=ZonedDateTime, sub_type=None) date, BasicType(dimensions=[], name=double) latitude, BasicType(dimensions=[], name=double) longitude, BasicType(dimensions=[], name=double) deltaT)",4,1,56.47,127.57
mthmulders-mcs,https://github.com/mthmulders/mcs.git,8461986403d3ebc05396d9018b31321466ba146e,src/main/java/it/mulders/mcs/search/printer/BuildrOutput.java,7c8b5bc9c7f26865d6785e06051e73317c06af2c,provideCoordinates,"public ReferenceType(arguments=None, dimensions=[], name=String, sub_type=None) provideCoordinates(ReferenceType(arguments=None, dimensions=[], name=String, sub_type=None) group, ReferenceType(arguments=None, dimensions=[], name=String, sub_type=None) artifact, ReferenceType(arguments=None, dimensions=[], name=String, sub_type=None) version)",3,1,42.0,133.77
mthmulders-mcs,https://github.com/mthmulders/mcs.git,7c8b5bc9c7f26865d6785e06051e73317c06af2c,src/main/java/it/mulders/mcs/search/printer/TabularOutputPrinter.java,eff905bef8d83a3ca49683eb3c246ab600f8fadc,printRow,"private printRow(ReferenceType(arguments=None, dimensions=[], name=Help, sub_type=ReferenceType(arguments=None, dimensions=None, name=TextTable, sub_type=None)) table, ReferenceType(arguments=None, dimensions=[], name=SearchResponse, sub_type=ReferenceType(arguments=None, dimensions=None, name=Response, sub_type=ReferenceType(arguments=None, dimensions=None, name=Doc, sub_type=None))) doc)",6,1,115.95,117.26
nikoo28-java-solutions,https://github.com/nikoo28/java-solutions.git,7a73ea56d05ff1f0fa085da259d02cb247b29db8,src/main/java/leetcode/medium/OnlineStockSpan.java,8d81307ea1651f3dffe2d9d620378c08f04463ee,calculateSpans,"public BasicType(dimensions=[None], name=int) calculateSpans(BasicType(dimensions=[None], name=int) prices)",17,5,288.85,95.27
retel-io-ari-proxy,https://github.com/retel-io/ari-proxy.git,f9fde350e2b08bd2ae7e40d07bd6449c434a78cd,src/main/java/io/retel/ariproxy/boundary/commandsandresponses/AriCommandResponseProcessing.java,610e9b6725e1aab80abb5866a07d50aabc4e8874,registerCallContext,"static public ReferenceType(arguments=[TypeArgument(pattern_type=None, type=ReferenceType(arguments=None, dimensions=[], name=Done, sub_type=None))], dimensions=[], name=Try, sub_type=None) registerCallContext(ReferenceType(arguments=[TypeArgument(pattern_type=None, type=ReferenceType(arguments=None, dimensions=[], name=CallContextProviderMessage, sub_type=None))], dimensions=[], name=ActorRef, sub_type=None) callContextProvider, ReferenceType(arguments=None, dimensions=[], name=String, sub_type=None) callContext, ReferenceType(arguments=None, dimensions=[], name=AriCommand, sub_type=None) ariCommand)",22,3,340.6,90.35
revelc-formatter-maven-plugin,https://github.com/revelc/formatter-maven-plugin.git,a6994326aabd92963c25bfe2062ce346cf620ad5,src/main/java/net/revelc/code/formatter/css/CssFormatter.java,3e9843d2ab9946bcc3ce9930c033e6651affc312,doFormat,"protected ReferenceType(arguments=None, dimensions=[], name=String, sub_type=None) doFormat(ReferenceType(arguments=None, dimensions=[], name=String, sub_type=None) code, ReferenceType(arguments=None, dimensions=[], name=LineEnding, sub_type=None) ending)",11,2,195.04,104.57
salesforce-grammaticus,https://github.com/salesforce/grammaticus.git,d6d4d50ea1ec1e840b131b2f6c9f3417e55925cd,src/main/java/com/force/i18n/grammar/impl/GrammaticalTermMapImpl.java,cdf67a1ad578e17f22695299d840aab2901c5609,makeSkinny,"public ReferenceType(arguments=[TypeArgument(pattern_type=None, type=ReferenceType(arguments=None, dimensions=[], name=T, sub_type=None))], dimensions=[], name=GrammaticalTermMap, sub_type=None) makeSkinny()",3,1,38.04,134.28
semver4j-semver4j,https://github.com/semver4j/semver4j.git,28823cff38b6f7dc029fded9dc02cc4e421a9ca5,src/main/java/org/semver4j/RangesList.java,10102b3742981d6a554972abfc525a1cf848feb8,toString,"public ReferenceType(arguments=None, dimensions=[], name=String, sub_type=None) toString()",5,1,43.02,125.37
semver4j-semver4j,https://github.com/semver4j/semver4j.git,bf853ab2691e22186c1bc9b3e541639da09939e6,src/main/java/org/semver4j/Semver.java,de7dadc7ece69328c712c239ae9671000df57d20,coerce,"static public ReferenceType(arguments=None, dimensions=[], name=Semver, sub_type=None) coerce(ReferenceType(arguments=None, dimensions=[], name=String, sub_type=None) version)",4,1,39.0,129.49
semver4j-semver4j,https://github.com/semver4j/semver4j.git,48ffbfd1f66c78c43599e64ac3068038caba1766,src/main/java/org/semver4j/internal/range/processor/XRangeProcessor.java,beb7e5d466c708721740f6fe99ca33ca9f4ed9ea,process,"public ReferenceType(arguments=None, dimensions=[], name=String, sub_type=None) process(ReferenceType(arguments=None, dimensions=[], name=String, sub_type=None) range)",59,15,1329.48,66.92
slub-urnlib,https://github.com/slub/urnlib.git,b80e5e252a53248c8db0d042fce90065eede0ab0,src/main/java/de/slub/urn/RQF_RFC8141.java,106be8d1b8047f93a715edc03fdc1b17c3aacc4b,initialToString,"private ReferenceType(arguments=None, dimensions=[], name=String, sub_type=None) initialToString()",19,6,314.93,92.98
snowflakedb-snowflake-jdbc,https://github.com/snowflakedb/snowflake-jdbc.git,fcdae49626ffda223ec9c79cf045dbf553e2b615,src/main/java/net/snowflake/client/jdbc/RestRequest.java,f2c8eba735350e574c4831637c5e6554be46bfdd,isNonRetryableHTTPCode,"static BasicType(dimensions=[], name=boolean) isNonRetryableHTTPCode(ReferenceType(arguments=None, dimensions=[], name=CloseableHttpResponse, sub_type=None) response, BasicType(dimensions=[], name=boolean) retryHTTP403)",10,6,138.97,107.63
snowflakedb-snowflake-jdbc,https://github.com/snowflakedb/snowflake-jdbc.git,9d275808696a9366c10f097bd328d828c816d4fb,src/main/java/net/snowflake/client/jdbc/SnowflakeConnectString.java,002bc9bb528a71b0233742240d02ce4677fb75d6,toString,"public ReferenceType(arguments=None, dimensions=[], name=String, sub_type=None) toString()",3,1,10.0,141.23
snowflakedb-snowflake-jdbc,https://github.com/snowflakedb/snowflake-jdbc.git,407aa4174fa33f35abfd3581d1c892dcb24c325d,src/main/java/net/snowflake/client/config/SFClientConfigParser.java,7444f58c2aef1110463030f0d8200ec9f2b0e9ff,getConfigFilePathFromJDBCJarLocation,"static public ReferenceType(arguments=None, dimensions=[], name=String, sub_type=None) getConfigFilePathFromJDBCJarLocation()",12,4,162.52,103.95
snowflakedb-snowflake-jdbc,https://github.com/snowflakedb/snowflake-jdbc.git,832de67a1eec16a61df4ab1efcc6e3658d5a038a,src/main/java/net/snowflake/client/jdbc/SnowflakeFileTransferAgent.java,15a45aca6bcd42e354ee6cb6ccd822b75647351d,parseCommand,private parseCommand(),104,19,2356.45,54.71
spring-projects-spring-guice,https://github.com/spring-projects/spring-guice.git,e133fee483ec614a6de0e977fbc6b685b2a99d24,src/main/java/org/springframework/guice/module/SpringModule.java,ce15b8e5802ad435ab296693ac84dd41d64106f1,getFactoryMethod,"static private ReferenceType(arguments=None, dimensions=[], name=Method, sub_type=None) getFactoryMethod(ReferenceType(arguments=None, dimensions=[], name=ConfigurableListableBeanFactory, sub_type=None) beanFactory, ReferenceType(arguments=None, dimensions=[], name=BeanDefinition, sub_type=None) definition)",13,3,204.46,101.53
spring-projects-spring-retry,https://github.com/spring-projects/spring-retry.git,cfa5550e9cce149a569ad71eeeec374f36137a9b,src/main/java/org/springframework/retry/backoff/BackOffPolicyBuilder.java,e6091f790c64394508591052f962b833e2459346,build,"public ReferenceType(arguments=None, dimensions=[], name=BackOffPolicy, sub_type=None) build()",61,24,655.39,69.95
spring-projects-spring-retry,https://github.com/spring-projects/spring-retry.git,6af7bc0eeb7ba0c3d5d540571f75d3f1f15a461c,src/main/java/org/springframework/retry/backoff/ExponentialBackOffPolicy.java,c89b9516d9763cbb97689071dc4c8dc50090bf1e,setMultiplier,"public setMultiplier(BasicType(dimensions=[], name=double) multiplier)",3,2,36.0,134.41
st-tu-dresden-salespoint,https://github.com/st-tu-dresden/salespoint.git,e9c2fe5efee8ad76bf73738f46f911c18eb078b8,src/main/java/org/salespointframework/accountancy/PersistentAccountancy.java,85a764f892aaca4cfcb6749e55f3131a23cc8f66,add,"final public ReferenceType(arguments=None, dimensions=[], name=T, sub_type=None) add(ReferenceType(arguments=None, dimensions=[], name=T, sub_type=None) accountancyEntry)",7,2,94.01,115.69
stellar-java-stellar-sdk,https://github.com/stellar/java-stellar-sdk.git,06641953c4603f70ba2a0274f2e367bdb8c3da03,src/main/java/org/stellar/sdk/KeyPair.java,15cc6d2c813117a27e23ed571b1842258968c049,equals,"public BasicType(dimensions=[], name=boolean) equals(ReferenceType(arguments=None, dimensions=[], name=Object, sub_type=None) object)",8,3,78.87,114.35
stellar-java-stellar-sdk,https://github.com/stellar/java-stellar-sdk.git,c9b9f99677f8a9be185453a949c39893f4110247,src/main/java/org/stellar/sdk/SorobanServer.java,6e9badb007c247eebe52d564049464fb57ab3701,assembleTransaction,"private ReferenceType(arguments=None, dimensions=[], name=Transaction, sub_type=None) assembleTransaction(ReferenceType(arguments=None, dimensions=[], name=Transaction, sub_type=None) transaction, ReferenceType(arguments=None, dimensions=[], name=SimulateTransactionResponse, sub_type=None) simulateTransactionResponse)",52,7,783.02,71.89
vmzakharov-dataframe-ec,https://github.com/vmzakharov/dataframe-ec.git,1109752c4e8a4e9574343e8c6df9bed78a5160ec,src/main/java/io/github/vmzakharov/ecdataframe/dsl/value/StringValue.java,12af99192d241ff9e4dcf78e92cef31117b7d05a,asStringLiteral,"public ReferenceType(arguments=None, dimensions=[], name=String, sub_type=None) asStringLiteral()",4,1,20.68,132.79
vmzakharov-dataframe-ec,https://github.com/vmzakharov/dataframe-ec.git,d11d1fdeaa72b654f50bd23ec5056f218b1e30b7,src/main/java/io/github/vmzakharov/ecdataframe/dataframe/compare/ComparisonResult.java,e9eb4dbe0e703e13f8597be61fde10e604de127d,nullSide,"public ReferenceType(arguments=None, dimensions=[], name=NullSide, sub_type=None) nullSide()",4,1,6.34,138.94
w3c-epubcheck,https://github.com/w3c/epubcheck.git,873d4f5dbb3d9877feaec73292099adfdfc3ca30,src/main/java/com/adobe/epubcheck/opf/OPFChecker30.java,0759a82ae40706269aa3c88e9a175bf8ce7a2f54,isBlessedAudioType,"static public BasicType(dimensions=[], name=boolean) isBlessedAudioType(ReferenceType(arguments=None, dimensions=[], name=String, sub_type=None) type)",4,3,47.55,128.21
w3c-epubcheck,https://github.com/w3c/epubcheck.git,da643e4010befdc6ba1fd8cf4bff5e8cee912bc5,src/main/java/org/w3c/epubcheck/core/references/ResourceReferencesChecker.java,7804c78a53f25d98de9457e12d2bdbd4b40e682b,checkReference,"private checkReference(ReferenceType(arguments=None, dimensions=[], name=Reference, sub_type=None) reference)",22,4,262.33,91.64
w3c-epubcheck,https://github.com/w3c/epubcheck.git,8575a6b1c4f4a380fee32e83b6fea0a3608a6e41,src/main/java/com/adobe/epubcheck/tool/EpubChecker.java,49aacb238c3edddedb45abba813bbf7c9efa54de,processArguments,"private BasicType(dimensions=[], name=boolean) processArguments(ReferenceType(arguments=None, dimensions=[None], name=String, sub_type=None) args)",326,53,5383.78,31.67
wmixvideo-nfe,https://github.com/wmixvideo/nfe.git,ec5ddf7e7342c50740918957f579a9f3b16c7db6,src/main/java/com/fincatto/documentofiscal/mdfe3/classes/nota/MDFInfoModalRodoviarioVeiculoReboque.java,67518e14db7e1c5b910cadb3bd902e99b79bec4c,setPlaca,"public setPlaca(ReferenceType(arguments=None, dimensions=[], name=String, sub_type=None) placa)",4,1,33.0,130.36
giraud-reasonml-idea-plugin,https://github.com/giraud/reasonml-idea-plugin.git,324cf4d340b9d7d0ddb4c4c3909306eec5028c4a,src/main/java/com/reason/lang/ocaml/OclParser.java,69749af01bcfcd7cfaff33837f2776b7d37d906a,parseOcamlNode,"static public ReferenceType(arguments=None, dimensions=[], name=ASTNode, sub_type=None) parseOcamlNode(ReferenceType(arguments=None, dimensions=[], name=ILazyParseableElementType, sub_type=None) root, ReferenceType(arguments=None, dimensions=[], name=ASTNode, sub_type=None) chameleon)",7,1,206.72,111.75
